{
    "CP_SYM_UPB.mzn": {
        "time": 0.81,
        "solve_time": 0.207408,
        "upper_bound": 1006,
        "optimal": true,
        "obj": 186,
        "sol": [
            [
                11,
                1,
                11
            ],
            [
                11,
                2,
                10,
                11
            ],
            [
                11,
                3,
                11
            ],
            [
                11,
                4,
                11
            ],
            [
                11,
                5,
                11
            ],
            [
                11,
                6,
                11
            ],
            [
                11,
                7,
                9,
                11
            ],
            [
                11,
                8,
                11
            ]
        ]
    },
    "CP_SYM_LINUPB.mzn": {
        "time": 0.76,
        "solve_time": 0.159908,
        "upper_bound": 219,
        "optimal": true,
        "obj": 186,
        "sol": [
            [
                11,
                1,
                2,
                11
            ],
            [
                11,
                3,
                11
            ],
            [
                11,
                4,
                11
            ],
            [
                11,
                5,
                11
            ],
            [
                11,
                6,
                10,
                11
            ],
            [
                11,
                7,
                11
            ],
            [
                11,
                8,
                11
            ],
            [
                11,
                9,
                11
            ]
        ]
    }
}