{
    "CP_SYM_UPB.mzn": {
        "time": 0.83,
        "solve_time": 0.375115,
        "upper_bound": 1326,
        "optimal": true,
        "obj": 226,
        "sol": [
            [
                10,
                1,
                10
            ],
            [
                10,
                2,
                7,
                10
            ],
            [
                10,
                3,
                10
            ],
            [
                10,
                4,
                10
            ],
            [
                10,
                5,
                9,
                10
            ],
            [
                10,
                6,
                8,
                10
            ]
        ]
    },
    "CP_SYM_LINUPB.mzn": {
        "time": 0.81,
        "solve_time": 0.355316,
        "upper_bound": 270,
        "optimal": true,
        "obj": 226,
        "sol": [
            [
                10,
                1,
                10
            ],
            [
                10,
                2,
                7,
                10
            ],
            [
                10,
                3,
                10
            ],
            [
                10,
                4,
                10
            ],
            [
                10,
                5,
                9,
                10
            ],
            [
                10,
                6,
                8,
                10
            ]
        ]
    }
}