{
    "CP_SYM_UPB.mzn": {
        "time": 0.94,
        "solve_time": 0.36561,
        "upper_bound": 816,
        "optimal": true,
        "obj": 220,
        "sol": [
            [
                11,
                1,
                9,
                10,
                11
            ],
            [
                11,
                2,
                11
            ],
            [
                11,
                3,
                11
            ],
            [
                11,
                4,
                11
            ],
            [
                11,
                5,
                11
            ],
            [
                11,
                6,
                11
            ],
            [
                11,
                7,
                11
            ],
            [
                11,
                8,
                11
            ]
        ]
    },
    "CP_SYM_LINUPB.mzn": {
        "time": 0.95,
        "solve_time": 0.355114,
        "upper_bound": 258,
        "optimal": true,
        "obj": 220,
        "sol": [
            [
                11,
                1,
                10,
                11
            ],
            [
                11,
                2,
                11
            ],
            [
                11,
                3,
                11
            ],
            [
                11,
                4,
                11
            ],
            [
                11,
                5,
                11
            ],
            [
                11,
                6,
                11
            ],
            [
                11,
                7,
                11
            ],
            [
                11,
                8,
                9,
                11
            ]
        ]
    }
}